china_risk,india_risk,vietnam_risk,dep_china,dep_india,dep_vietnam,import_cost_share,base_margin,new_margin,risk_level
75,45,35,52,50,0,37.13034309273283,18.37995726567509,-4.455203736355603,Medium
90,50,42,45,29,26,24.19238581475637,19.629495181599815,3.6818744525124156,High
90,50,42,65,26,9,40.87046214535177,18.569433883630552,-12.197850019390263,High
82,47,38,64,38,0,59.75605824788832,12.774645931614007,-29.257765439950635,High
90,50,42,31,29,40,40.48663343006611,18.76144810185051,-5.206638888748628,Medium
55,38,30,38,40,22,49.90658270457942,12.34433534313503,-8.965775471720383,Low
62,40,32,59,40,1,47.00022829367356,10.449566664802473,-14.413554102550838,Medium
90,50,42,56,29,15,59.3781122367425,23.237310156566522,-19.03990575599414,High
82,47,38,56,35,9,21.114497765531638,19.527606376447782,5.636378296504516,High
55,38,30,44,25,31,49.5084530290662,15.890432831890475,-5.3982019706079925,Low
90,50,42,65,10,25,40.354754525966655,11.873803385017458,-17.988714964197868,High
82,47,38,78,41,0,47.55442621148425,10.586895587693522,-28.992653348124822,Critical
75,45,35,77,44,0,22.057662505101142,21.267923011307083,4.162205738601148,High
62,40,32,68,34,0,23.97409881619128,22.051389767172235,8.683432267263978,Medium
75,45,35,70,36,0,28.46952172198133,19.106950343174276,-0.4516110798269004,High
90,50,42,69,33,0,29.944990169763827,13.127270467439702,-10.409491805994664,High
82,47,38,48,21,31,44.7777826034916,20.381572508873855,-6.937352657516371,Medium
82,47,38,61,28,11,58.65298895775631,12.266785000198077,-27.24186836174657,High
62,40,32,58,13,29,56.456545466262426,21.201290027847158,-7.275391505335609,Medium
75,45,35,71,32,0,20.17825001810627,10.361282607985613,-3.2893035292632806,High
82,47,38,45,43,12,50.94121128661844,14.599570930001864,-16.81587407045573,Medium
75,45,35,65,40,0,47.95943095360876,11.94206123724511,-20.07085892428874,High
82,47,38,45,11,44,51.972536377869794,18.992936599897643,-11.561717536652008,Medium
90,50,42,26,33,41,21.826521215256296,23.527433795492364,11.06012487733797,Medium
82,47,38,55,31,14,50.66049525479116,15.498822874985185,-17.425432991103584,Medium
90,50,42,76,39,0,42.2976039594922,21.521496031837188,-15.658097848556459,Critical
82,47,38,45,50,5,55.05426722944972,13.631619468626225,-20.66718901532095,Medium
55,38,30,34,17,49,42.356560887205305,10.955697545036749,-5.927627624603286,Low
82,47,38,53,35,12,38.36652183505999,16.745569561696183,-7.989327065366993,Medium
82,47,38,55,36,9,38.55466300327679,17.32645505573164,-7.903716413612688,High
75,45,35,34,20,46,26.547729287187142,14.629955567812651,1.1968045484959564,Medium
55,38,30,60,34,6,44.46952420485546,18.643592424306142,-2.5772645262508824,Medium
90,50,42,33,26,41,57.50233419865082,23.344652635843516,-11.110746015988056,Medium
55,38,30,48,30,22,24.47243975100018,12.547865479084438,1.682102229640357,Low
75,45,35,71,17,12,21.666109663246896,22.012319009634197,7.907681618860469,High
82,47,38,49,19,32,44.49085530812838,12.187464594212365,-15.072082453077897,Medium
90,50,42,27,19,54,27.881459895817784,14.823988059101666,-0.9234604900562182,Medium
55,38,30,37,7,56,57.32878121123789,16.11957616768523,-6.703011632508574,Low
62,40,32,43,20,37,25.719241404617883,22.795003644966453,10.835556391819138,Medium
82,47,38,66,24,10,52.114772920640334,22.804510479338624,-13.258912381744487,High
62,40,32,79,38,0,23.592100344630897,16.718049689637713,1.5766396884536018,Medium
90,50,42,55,40,5,40.11409497443203,21.49925602856011,-7.222435973133219,High
75,45,35,78,18,4,26.470330224255033,21.133378958006087,3.1335544055126654,High
82,47,38,73,9,18,30.75255490969802,20.746425273479126,-1.06636192396968,High
55,38,30,75,39,0,58.73595260731166,18.33024441889387,-14.60300420802578,Medium
62,40,32,49,46,5,25.531655194752577,14.978662896567801,2.1158150094514525,Medium
82,47,38,65,17,18,41.092657924057065,12.369071200639185,-15.62735664302089,High
55,38,30,54,26,20,25.335959774456207,20.709672209062372,9.161541743865234,Medium
75,45,35,49,25,26,24.13209816930842,15.192218566397829,1.4127905117227186,Medium
75,45,35,57,16,27,44.108943961470075,20.015151118903066,-6.1855615942101565,Medium
62,40,32,23,43,34,53.85578959547495,24.430313156927063,1.6277718422029643,Low
62,40,32,23,11,66,48.48991534971732,20.4018205989855,1.1125322728679485,Low
82,47,38,29,45,26,28.978563906411992,23.38120980353234,7.498058926427925,Medium
55,38,30,20,14,66,28.04716248141816,24.323976711368395,14.193341623080157,Low
55,38,30,66,33,1,35.4273103940239,18.270702695257718,0.8617223676343748,Medium
62,40,32,80,12,8,23.25498272121411,18.242317479328374,4.996279321324819,Medium
82,47,38,51,30,19,56.23138812691509,14.3116678031976,-21.192830660136586,Medium
75,45,35,55,38,7,34.190386294617056,20.386916268138542,-0.40083859898862784,Medium
82,47,38,58,33,9,29.114424717160322,24.68781226552619,5.329631271086296,High
75,45,35,49,25,26,20.83077033107028,19.000653194597575,7.106283335556444,Medium
82,47,38,57,46,0,58.73878162289913,12.85375026339223,-27.300080854021616,High
55,38,30,46,44,10,24.24235680773467,24.214020972152255,13.300111937310106,Medium
75,45,35,24,34,42,45.178854149078276,24.653495058901477,2.9676450673439057,Medium
62,40,32,40,19,41,57.26310115750383,10.743895085626091,-15.322268561269658,Medium
62,40,32,48,47,5,40.64322763143551,23.951956698904795,3.5653137189767463,Medium
75,45,35,45,28,27,52.05024182017573,14.608778354970909,-14.435256580687145,Medium
90,50,42,29,25,46,46.4166599389146,10.598798330198028,-16.28573110642131,Medium
90,50,42,37,40,23,35.366277335386414,10.209863475238501,-12.056744735120786,Medium
62,40,32,30,33,37,51.91660527581749,14.491904780556942,-8.164501761809811,Low
62,40,32,56,5,39,21.23805040163607,15.182535430776868,4.73341463317192,Medium
90,50,42,67,8,25,59.872507382219624,24.287701689130685,-20.496933832769592,High
62,40,32,38,29,33,28.759776475338057,14.752390910650528,1.6034211061259676,Medium
90,50,42,77,39,0,29.03560388777413,23.045278207473327,-2.738338044870101,Critical
75,45,35,38,42,20,56.70856610221955,16.40253660248902,-14.446923357118418,Medium
62,40,32,46,44,10,32.127603467343675,13.114734955482309,-2.730599074611593,Medium
75,45,35,51,25,24,58.84082280096977,21.41680839684782,-12.652028004913674,Medium
90,50,42,75,46,0,33.528165745212284,19.18568116161486,-11.157308837802258,Critical
62,40,32,25,12,63,56.6335961235537,20.357513975422464,-2.5564390161673636,Low
82,47,38,36,9,55,51.698158611379164,20.107074119879556,-8.145969561239156,Medium
90,50,42,40,24,36,20.81963724824208,15.469174179017983,2.327819147927581,Medium
75,45,35,31,45,24,53.89690752590707,12.879426185599554,-15.093068820346216,Medium
55,38,30,63,34,3,22.255817774149392,12.213602501908573,1.426207626778364,Medium
62,40,32,39,49,12,20.161739170831833,14.8637209101092,5.262700716959081,Medium
82,47,38,38,10,52,20.818038128083522,16.742112345961495,5.163119539121439,Medium
90,50,42,74,12,14,25.978336020777757,13.23900852523035,-7.1487895838760345,High
55,38,30,64,48,0,50.805211630915615,11.967214903097753,-15.18309019246355,Medium
75,45,35,62,32,6,20.05531241467297,15.598509311258553,2.963662490014583,Medium
90,50,42,75,50,0,52.83464535476667,23.686207500581247,-25.185839452577923,Critical
75,45,35,57,30,13,43.641489021645384,12.167309279666739,-14.366716045493654,Medium
82,47,38,69,50,0,58.889005424602146,23.62351226684209,-23.534803277179307,Critical
82,47,38,67,24,9,55.19628933375854,14.594864092069185,-23.843831799960263,High
75,45,35,60,20,20,55.03167387389501,22.253930631696655,-11.3153904313793,Medium
90,50,42,65,9,26,27.737473281161318,23.818169944964804,3.3146296955303605,High
62,40,32,79,21,0,27.47776906596201,24.208369082227094,8.441625192178092,Medium
82,47,38,25,8,67,28.052359369322385,18.965429177541406,5.017796099114317,Medium
55,38,30,74,30,0,57.96597901977854,16.845873756102872,-13.354401313201748,Medium
55,38,30,30,42,28,22.137972122004456,23.623113852743767,14.577538443692745,Low
55,38,30,71,45,0,38.15847257919547,10.2877564922213,-11.138225860996956,Medium
55,38,30,62,32,6,58.38206010655756,17.563434771368335,-10.494983315843228,Medium
75,45,35,66,14,20,44.75806431290767,16.538768165277077,-11.569296223228939,Medium
75,45,35,62,30,8,58.599257635364886,19.935336997096694,-16.86499679791245,Medium
55,38,30,22,41,37,28.89269443652365,18.19935428014871,6.994767377664838,Low
75,45,35,66,17,17,55.56176298586207,15.816728606249377,-19.242743837829586,Medium
82,47,38,35,36,29,59.262104149437455,15.483027883856593,-18.083027906384785,Medium
82,47,38,74,14,12,47.12575921332906,22.327850145958,-11.51787012105493,High
90,50,42,32,27,41,48.03459619705225,16.410535754562517,-12.179655901922988,Medium
55,38,30,71,43,0,48.66059021116572,24.429922114832998,-2.523178803131696,Medium
82,47,38,40,30,30,29.689935705341565,10.512328639649056,-6.796903876565075,Medium
75,45,35,46,11,43,36.11741635985283,10.370141465584311,-9.313850450535483,Medium
62,40,32,34,19,47,37.48728398812908,13.286527885840787,-3.1029126737692465,Low
82,47,38,41,14,45,30.39486071797432,17.04376542999124,-0.372489761408044,Medium
55,38,30,35,7,58,49.44744360455222,24.63019288460096,5.192402803651483,Low
62,40,32,60,7,33,55.71582486116546,13.19731212004855,-14.972608929756706,Medium
75,45,35,58,46,0,27.472695345890234,23.993112024204162,6.35564161214263,Medium
75,45,35,27,11,62,44.58845273346373,20.35968191122621,-0.5523024207682781,Medium
75,45,35,61,12,27,27.638206434829932,11.685761139722212,-5.062991959784727,Medium
55,38,30,35,18,47,58.56798952359962,11.572076327820582,-11.966398661714106,Low
62,40,32,61,40,0,51.82886361805839,23.138191382026896,-4.75610301721213,Medium
82,47,38,53,45,2,52.9135820059769,15.930224129595498,-18.659384427711604,High
90,50,42,36,19,45,32.97520897729144,18.013228442964742,-2.0356986152284513,Medium
75,45,35,74,50,0,22.583873427278075,15.768986912194524,-1.8464343610823732,High
75,45,35,23,6,71,20.202555054069947,19.260473125474114,10.209728461250778,Low
55,38,30,62,26,12,49.39540885521366,18.478174295856803,-5.024161237453857,Medium
82,47,38,22,13,65,37.588361540299786,16.54515722786166,-1.8167573845747818,Medium
82,47,38,63,19,18,40.28721944124356,12.021601530441005,-15.14407053878953,High
75,45,35,59,20,21,20.72252569496548,16.205986493359276,3.648135922210196,Medium
82,47,38,58,39,3,25.941423444827656,15.042477249625527,-2.3460588854424493,High
82,47,38,51,36,13,21.7710893611279,19.54688307904086,5.683053373874614,Medium
55,38,30,22,18,60,41.36902476801996,24.15831676727054,8.87659901796397,Low
62,40,32,52,37,11,31.686814710715154,23.203792262594334,7.182938744856749,Medium
75,45,35,45,13,42,55.141607107621454,15.08813979847666,-14.853752860961784,Medium
62,40,32,61,49,0,44.43994747455543,12.32546685157487,-13.191950988314861,Medium
75,45,35,53,15,32,43.06880049084622,14.468301497427126,-10.382396385791148,Medium
62,40,32,77,25,0,28.695059823124808,21.71464313986492,5.1461155979926545,Medium
82,47,38,38,18,44,25.9772885541662,13.694736457615296,-0.9408679138019416,Medium
62,40,32,41,16,43,57.302967708187936,21.789373791719484,-4.3293188896725745,Medium
62,40,32,45,32,23,20.083641655276068,17.908712194492274,8.256514014966596,Medium
55,38,30,48,32,20,36.01750190425838,19.517801981207842,3.468403132670307,Low
90,50,42,74,35,0,30.725506250990705,16.056272779191133,-9.78387797789205,Critical
62,40,32,45,45,10,51.46960445535916,19.159747132766906,-6.111828654814442,Medium
75,45,35,61,15,24,21.464541201229256,10.47667546739591,-2.5952301241527067,Medium
82,47,38,51,29,20,34.05208935962883,23.737503086749477,2.267660745503502,Medium
62,40,32,28,47,25,32.06608625734334,21.046261615503198,6.885877924260377,Low
55,38,30,24,12,64,22.897139000662527,17.970801503459196,9.508018928814327,Low
82,47,38,25,41,34,44.458574456118285,20.12810457217235,-3.297118308756371,Medium
82,47,38,59,23,18,28.185591604727467,19.724754679494914,1.1138085428933664,High
62,40,32,58,48,0,21.08653915209618,12.101163283016065,0.4698282867198138,Medium
55,38,30,61,34,5,54.1105803500205,14.31528164316666,-11.641563750738175,Medium
90,50,42,59,45,0,22.23635750215295,21.56989836826309,4.759212096635462,High
75,45,35,23,44,33,23.86191656662357,23.063265480487168,11.466374029108113,Medium
62,40,32,64,40,0,43.792707300939036,15.32661177035408,-9.057167654808772,Medium
55,38,30,68,23,9,51.54209537552601,10.252624533455146,-14.920534847951762,Medium
82,47,38,75,42,0,39.72296655738728,17.5878090670997,-14.683128964121728,Critical
75,45,35,35,7,58,58.4878246447972,11.57015506200073,-17.49829378646348,Medium
55,38,30,49,5,46,45.257767024698346,20.765995261280512,1.4635576252466684,Low
82,47,38,43,18,39,52.558305923091254,12.117324041322059,-18.650308246055566,Medium
55,38,30,40,36,24,26.201404951393194,20.453718296516946,9.218555853359545,Low
62,40,32,23,19,58,53.06033448718757,17.35555282238563,-4.091434377335585,Low
55,38,30,33,8,59,35.85188891719489,19.442670042933187,5.499870443036093,Low
55,38,30,64,31,5,27.729281291105092,23.89205673261056,10.448901162682812,Medium
82,47,38,32,42,26,40.75827794664602,10.449317686114952,-12.318256374881514,Medium
75,45,35,56,26,18,55.23204924595123,21.98795565424613,-11.151273893324607,Medium
82,47,38,68,36,0,25.90916414337901,19.434506863773905,0.6037263643660395,High
82,47,38,43,17,40,22.620394324926792,12.464630183362008,-0.7569902995577031,Medium
90,50,42,77,10,13,47.8663433518936,21.045593750826498,-17.13260170664384,High
90,50,42,30,25,45,33.05106427733805,13.418752998281148,-5.883068539684272,Medium
55,38,30,26,11,63,45.7268290803408,10.593970270497064,-6.498718439734329,Low
62,40,32,30,42,28,55.10243625521139,24.196630895710626,-0.24680982710114563,Low
55,38,30,41,31,28,50.280752231025446,21.59739043125731,0.1124250029401388,Low
62,40,32,55,5,40,28.334764207069504,12.014197772913418,-1.8415019243435697,Medium
62,40,32,59,36,5,56.79846235131094,19.908142395795664,-9.956489108523623,Medium
55,38,30,39,42,19,39.46952565548472,24.860990237461714,7.845677727382249,Low
55,38,30,22,45,33,40.0337720454978,16.931702564504718,1.2784976947150781,Low
75,45,35,24,11,65,32.90597098239955,10.521425265194832,-4.516603473761764,Medium
75,45,35,25,25,50,27.62548047601087,15.123084022978887,2.0009807968737228,Medium
75,45,35,33,35,32,30.691253021078744,14.935902040263082,-0.9314757716346289,Medium
90,50,42,68,18,14,32.335703134074386,17.25105486793006,-7.349948076473737,High
75,45,35,59,13,28,30.64189798010751,11.23335177387685,-7.121145116207549,Medium
90,50,42,22,29,49,28.054941739953208,12.393864141801005,-3.002687885085317,Medium
62,40,32,80,16,4,23.464424234429448,13.7196562982323,0.27923409675111266,Medium
62,40,32,73,26,1,57.80724894357562,23.196644643915967,-9.163853314697661,Medium
82,47,38,28,9,63,55.64919448865083,13.445848505471835,-15.007584636575332,Medium
82,47,38,49,36,15,31.169415272837952,24.25637279612628,4.6819800047840445,Medium
90,50,42,43,9,48,31.91384654313734,17.570278371294094,-2.650334798437722,Medium
90,50,42,39,10,51,29.51927404656951,12.404901593390143,-5.755355800059423,Medium
82,47,38,66,39,0,31.099240773812006,12.184648967826,-10.346750972800798,High
75,45,35,66,40,0,49.62578769113371,12.548118395262565,-20.949288296252696,High
90,50,42,40,50,10,37.327439042044006,10.570657361397528,-13.766832894015165,High
55,38,30,34,9,57,52.18579968967334,14.388928321993763,-6.078342316296119,Low
62,40,32,35,26,39,42.940335411350176,23.442198610431916,4.299397084052007,Low
90,50,42,62,48,0,45.730012479709615,13.576185531419036,-22.916364427389233,High
75,45,35,29,50,21,48.02259091631724,10.705963495012272,-14.073693417807425,Medium
75,45,35,52,7,41,40.344100268268846,12.18222789265052,-10.612188758921377,Medium
75,45,35,63,27,10,49.37377915123668,19.954988566065154,-11.10111852006272,Medium
90,50,42,68,49,0,37.327465289703945,19.336891178501524,-12.652746574774756,Critical
62,40,32,80,49,0,57.17134374892377,21.023536089261135,-18.539033784994118,High
55,38,30,52,40,8,55.949290886352976,12.152227052457594,-13.696345337037481,Medium
82,47,38,67,50,0,26.91073877041152,22.91177414607182,1.8029906545610253,High
75,45,35,34,28,38,44.22437659293525,11.22318849026289,-11.508141078505828,Medium
90,50,42,76,30,0,24.601613530687025,24.307962982090313,3.790217297497332,Critical
55,38,30,37,45,18,49.85934612319333,13.768241660791043,-7.596488152997301,Low
90,50,42,80,21,0,40.01446567965291,13.992024898444734,-19.019909287268916,Critical
82,47,38,77,41,0,57.531581070733445,18.292902009217798,-29.118873951173633,Critical
90,50,42,51,20,29,59.29403184338952,19.412028549967623,-20.95534832901196,High
75,45,35,69,26,5,46.68569595140388,10.741037534932525,-19.698036225382808,High
55,38,30,61,46,0,41.16237434135617,13.599898460828147,-7.405261165565907,Medium
75,45,35,58,50,0,28.90659401562759,13.160434540482663,-5.917917509831545,High
75,45,35,70,25,5,25.9446594125159,15.08890689705799,-1.904845018139925,High
75,45,35,70,17,13,48.8433598040146,11.550058659638703,-20.05159513355874,Medium
90,50,42,26,31,43,58.27122441155255,18.45842013452271,-14.732869290297621,Medium
62,40,32,34,43,23,34.57956682961316,21.98773511590119,6.205620814865746,Medium
75,45,35,29,6,65,26.67090706542084,12.683333562563883,0.09466542768524455,Medium
55,38,30,34,50,16,56.38686734211005,15.740450976045466,-8.223967644351305,Low
75,45,35,48,30,22,44.35541413547153,19.43517048299399,-5.936126402495727,Medium
62,40,32,62,16,22,27.03536074627316,11.12898061893194,-2.8969645362345755,Medium
90,50,42,33,26,41,48.792488555080084,11.779394649539089,-17.4570644926649,Medium
82,47,38,56,35,9,49.60549937110716,16.246866447572284,-16.388591588679116,High
62,40,32,38,10,52,22.19500190364915,20.050366723270443,10.24017588185752,Low
90,50,42,72,24,4,27.10206332298217,20.872626199524163,-0.3970730963522442,High
62,40,32,40,21,39,56.7615197918798,21.120134827618664,-4.808527413312028,Medium
90,50,42,76,45,0,40.695163508025004,12.237802273575717,-24.754101355219014,Critical
75,45,35,42,14,44,58.40416712324078,12.659995556858625,-18.411021352705472,Medium
55,38,30,48,42,10,35.603095093100265,19.851152205655126,3.7015882714248463,Medium
82,47,38,28,39,33,58.26989963883807,17.244629505074478,-14.122057470512054,Medium
62,40,32,68,11,21,48.59691649461606,14.895028859542721,-10.997408248788718,Medium
75,45,35,38,40,22,45.813699354286236,21.335166883138633,-3.4958581668845063,Medium
82,47,38,39,11,50,53.85826362389788,19.07794709439523,-11.163467930423426,Medium
55,38,30,37,23,40,52.98263827168886,19.598954253614906,-2.17161181222205,Low
75,45,35,46,41,13,24.44995486137351,15.903793046823672,1.845069001533906,Medium
90,50,42,78,48,0,46.20291485313188,20.803989030336325,-22.71915676131391,Critical
90,50,42,48,30,22,54.650194976594086,24.899996269232872,-11.956095222982178,High
55,38,30,27,33,40,47.77104046410549,14.675951870110751,-4.141060968700401,Low
90,50,42,28,34,38,29.774844974910497,12.269468791608663,-5.047581045799284,Medium
55,38,30,25,26,49,54.59416356481817,19.664286781361923,-1.2616561130328776,Low
90,50,42,58,22,20,25.032709161461845,10.971559683551872,-6.951860076054809,High
55,38,30,64,32,4,20.741836252042397,22.938807342154835,12.866571658163046,Medium
62,40,32,71,7,22,45.919868069486625,10.771288714542264,-13.96115222768323,Medium
55,38,30,46,46,8,44.274219042482486,20.789395337784022,0.7863031743904365,Medium
82,47,38,72,30,0,32.18705668365267,23.866271301551784,0.32465804312822044,High
75,45,35,48,30,22,26.128191126884275,12.648019666910468,-2.297305657667339,Medium
90,50,42,34,6,60,23.769846250034963,12.714499580780526,-1.2621700142400307,Medium
75,45,35,38,5,57,43.54599531564405,11.406174224708238,-10.671645400323296,Medium
75,45,35,45,43,12,39.41083822936735,13.530002661615598,-9.052407643811893,Medium
62,40,32,73,49,0,40.96488157893963,22.19350477520849,-4.376317416891755,Medium
82,47,38,66,16,18,45.56898637981448,21.428763857691667,-9.776878015205295,High
90,50,42,28,5,67,34.657633083879276,15.348854506611572,-4.003967807426617,Medium
62,40,32,40,25,35,35.4111113955246,15.352124455206347,-0.9369867867349697,Medium
90,50,42,75,36,0,50.756206870768175,16.0380691684033,-27.358487706103485,Critical
90,50,42,31,26,43,23.795994169621537,14.823504123716662,0.7933859613078038,Medium
82,47,38,54,48,0,48.7280643829737,11.261174176871616,-21.308664056708,High
62,40,32,26,5,69,35.212302659945216,18.383602602055433,4.228256932757455,Low
75,45,35,71,37,0,20.389086700285745,18.863121864415746,4.611150260916009,High
75,45,35,55,45,0,36.512491239149824,11.402377372500776,-11.052804739576366,Medium
55,38,30,44,38,18,22.380639162635028,10.960713878303144,1.104280391078678,Low
55,38,30,64,50,0,43.99609292701266,18.591625920726337,-5.254256445714528,Medium
62,40,32,76,27,0,48.626215440162795,17.157624507972937,-11.006679474969356,Medium
82,47,38,67,45,0,49.52062769038449,17.194811984903723,-20.485433624709835,High
75,45,35,66,19,15,23.107217272896193,24.681271886857946,10.054403353114656,Medium
90,50,42,67,31,2,43.16538026837575,10.54330241509101,-22.53864502259216,High
90,50,42,32,19,49,46.11800042029776,19.00153451616397,-8.152744131307351,Medium
62,40,32,39,22,39,41.7054132370648,19.30617245036123,0.34689159279157167,Medium
62,40,32,36,44,20,48.64057433728874,10.121092155301003,-12.409221877731142,Medium
62,40,32,53,30,17,22.078260633639324,14.726138296602983,3.620773197882402,Medium
90,50,42,72,19,9,42.82726177705442,21.6323607332815,-11.807165262242584,High
62,40,32,78,23,0,44.13012039354041,15.146240103798277,-10.255057194723584,Medium
82,47,38,20,5,75,28.934230326517113,19.33156886735391,5.660145038074573,Medium
75,45,35,70,19,11,58.15076798585447,23.556684495139493,-14.183163927680063,Medium
90,50,42,78,42,0,37.953796650031045,12.54146701604688,-22.072395528781435,Critical
82,47,38,74,33,0,54.459803671931866,16.572456142037495,-24.92046827560739,High
55,38,30,24,16,60,23.94844017514258,21.219398031721433,12.291419534428279,Low
90,50,42,76,34,0,29.71934945630464,24.29104887121652,-1.0892755644676448,Critical
55,38,30,60,45,0,41.17521740829493,14.99591583630759,-5.632868085248168,Medium
82,47,38,29,6,65,26.020988501248958,16.567984016576364,3.2192169154356485,Medium
90,50,42,59,37,4,38.291017732985466,20.51566204218122,-7.543995752550529,High
90,50,42,23,33,44,23.721209179098054,19.76000508371643,6.552035812794633,Medium
82,47,38,64,18,18,48.23700046109231,16.857293469619623,-15.837745442908737,High
90,50,42,80,13,7,46.78650195366283,22.644217635695462,-15.458709555367548,Critical
75,45,35,28,30,42,31.17953914004813,12.42540478843036,-2.914928468473322,Medium
55,38,30,68,48,0,31.936703339148686,13.530630297697002,-4.2389514402053265,Medium
55,38,30,22,8,70,50.26583647943376,21.72168883658152,3.5556155329141603,Low
90,50,42,51,38,11,25.352486616447713,12.611161701241652,-5.013886994512795,High
82,47,38,20,42,38,52.114599449577035,21.680322573098486,-4.679241828497581,Medium
75,45,35,64,18,18,36.740492067262196,14.968059963266471,-7.958007086705139,Medium
62,40,32,48,19,33,27.31890551673521,19.3534046568982,6.262185133278686,Medium
82,47,38,70,46,0,27.6126843903971,24.924301685275303,3.1047584799835164,High
90,50,42,22,16,62,58.516445045095,13.877707563154672,-17.627546449124473,Medium
62,40,32,53,33,14,45.60668616949428,11.014026328696689,-12.03559286136572,Medium
82,47,38,75,19,6,53.489028827470285,21.986354270115186,-16.90551859033846,High
90,50,42,45,44,11,57.75238480520641,14.006535176340108,-24.756865504914437,High
82,47,38,71,43,0,23.70501277901252,17.748893675004773,-0.8429478475747487,High
75,45,35,71,28,1,49.108966081237014,19.35414373075753,-13.155991815021377,High
90,50,42,32,17,51,46.109786202751465,10.233267096908504,-16.842399361347155,Medium
55,38,30,48,18,34,31.864012609590716,22.969192218751225,9.127465141145018,Low
55,38,30,39,39,22,20.08927011082474,16.502472213659747,7.890202117149181,Low
90,50,42,57,43,0,23.486610117378675,11.196636666996111,-5.901615498455564,High
90,50,42,76,14,10,32.168395345355734,16.979306121400686,-8.626736573502477,High
90,50,42,45,8,47,58.14087309232598,15.623691994868,-21.726004879642208,Medium
90,50,42,49,25,26,34.203293377890276,15.31917212720798,-7.774891561543532,High
62,40,32,64,23,13,37.858654061437306,16.59246232851047,-3.4877677856758744,Medium
82,47,38,72,7,21,25.41306931264538,22.543790267558943,4.675861233837974,High
75,45,35,63,21,16,40.13616507524226,19.630802926366446,-5.374027915509483,Medium
90,50,42,30,29,41,22.191469234589487,12.686359018615454,-0.34447171593549264,Medium
90,50,42,49,19,32,59.54761770486274,13.490058134707517,-26.43066477463247,High
82,47,38,49,15,36,54.147903944400056,14.953555312920194,-18.02793297961388,Medium
75,45,35,65,41,0,31.945538850062107,18.98734157566332,-2.4800605315784203,High
82,47,38,71,13,16,58.12158194233334,10.05515090511285,-30.868254940484054,High
62,40,32,28,36,36,46.669088415003245,12.525889471105387,-7.672491994908018,Low
75,45,35,33,33,34,52.551324432036324,24.07224240458178,-2.991689677916927,Medium
62,40,32,58,27,15,46.78839917349833,18.620945588326517,-5.5031530255292225,Medium
55,38,30,46,13,41,48.231095583212166,18.055688104591567,-2.46181995650689,Low
82,47,38,67,26,7,20.5302212387587,22.55132443101411,8.217123962112787,High
55,38,30,34,30,36,57.66505798375406,15.22621543928174,-8.358793276073671,Low
82,47,38,41,6,53,57.42822353705228,10.283915430645425,-22.208973446618753,Medium
82,47,38,55,39,6,28.467615784293923,14.027641451060422,-4.67842888079911,High
90,50,42,30,36,34,35.75560542293769,14.858127916745474,-6.337794977971988,Medium
90,50,42,52,50,0,47.60549267466935,18.624201237854145,-15.55654250255845,High
62,40,32,73,41,0,28.30840835146966,20.222088039662367,2.767123450146176,Medium
82,47,38,65,15,20,29.265142879249993,11.590861981390619,-8.294802605059752,High
82,47,38,35,27,38,43.15568726864866,19.755360222414442,-4.3384599796721055,Medium
82,47,38,32,22,46,41.92095132548925,11.288854067113434,-11.373612219446052,Medium
90,50,42,73,40,0,28.156555170454265,14.89140556732692,-9.238762213752384,Critical
75,45,35,29,47,24,26.38187638453171,12.70737086188089,-0.8265317233838783,Medium
82,47,38,41,27,32,20.968098569137652,17.351944464069305,5.091897230694521,Medium
62,40,32,78,23,0,48.050205833535294,12.317346868034134,-15.340351609748781,Medium
75,45,35,36,10,54,45.6206485431417,18.648532228662837,-4.344274637080577,Medium
75,45,35,40,9,51,23.928127179178222,23.882130732357805,11.463432726364307,Medium
90,50,42,46,8,46,24.571900461236737,21.821703986964792,5.918770008452375,Medium
62,40,32,72,13,15,54.72489158514061,18.698857170530147,-11.202823591590683,Medium
75,45,35,70,17,13,50.14820531899555,20.7850544437108,-11.660834397679324,Medium
82,47,38,49,25,26,44.00310449749847,24.7421683375803,-2.4561505523235034,Medium
75,45,35,58,41,1,50.152525251038995,21.939430347078318,-9.305592884318976,Medium
82,47,38,31,49,20,25.618912741527073,17.4244219948981,3.0650214032721763,Medium
90,50,42,44,22,34,44.46385263353906,20.110977277625857,-8.737170311014285,Medium
90,50,42,33,31,36,50.09782652133139,17.45206376810416,-12.766945189562932,Medium
62,40,32,57,47,0,44.72312989562181,22.54532094559417,-1.6677815798954754,Medium
82,47,38,80,32,0,41.359222156571626,10.462733752195971,-22.889342994863384,Critical
90,50,42,80,29,0,27.967231857343037,11.770979174971778,-12.42067638162995,Critical
90,50,42,65,18,17,20.557376721276142,17.482240440390758,2.138214455630246,High
90,50,42,53,23,24,27.09669396462121,11.133830854146712,-7.6387587245428605,High
62,40,32,79,45,0,26.270359062025236,16.114841202432384,-1.4810452973121215,High
55,38,30,46,28,26,54.912576958573986,17.760766054682236,-6.2579951069980275,Low
75,45,35,51,15,34,54.395913265401504,23.808677445131163,-7.142597202882289,Medium
90,50,42,72,7,21,31.260606507819833,24.554606575351904,0.4464268365212476,High
75,45,35,74,43,0,24.68605807489493,24.016573711229753,5.5390592421709,High
82,47,38,43,11,46,46.266893050124175,13.453739401918398,-13.339418363408509,Medium
90,50,42,79,23,0,40.54088812703024,23.10758264271859,-10.37919095020839,Critical
62,40,32,58,42,0,42.12417613913048,17.514392060937954,-4.710323270067288,Medium
90,50,42,39,49,12,43.10741862116289,18.566611670311133,-9.298023726408559,Medium
90,50,42,64,32,4,52.88457138477446,10.556999548963176,-29.25450578949504,High
62,40,32,75,25,0,25.39837721791561,13.228042995633185,-1.1220401324891327,Medium
55,38,30,43,37,20,30.228157797830107,20.687798253269342,7.475070479837802,Low
90,50,42,38,41,21,33.537069926940035,11.563585506077976,-9.739161311514335,Medium
82,47,38,52,37,11,39.98755068995756,11.104457728756682,-14.571548569265062,Medium
82,47,38,73,42,0,26.982336988627544,13.963267744199616,-7.514672498747906,High
75,45,35,51,18,31,43.93330806218591,13.846659605111356,-11.283192606458986,Medium
62,40,32,33,14,53,50.083725249038906,20.664660767838974,-0.8813578342975639,Low
55,38,30,45,35,20,38.39860153195285,20.03359509127193,3.1190111164467034,Low
62,40,32,76,28,0,25.637196436477936,21.417601078567284,6.4659881168133495,Medium
82,47,38,21,16,63,32.69299561571256,24.57836415352328,8.663413887794407,Medium
55,38,30,64,10,26,49.19963393220224,13.99115621462028,-9.034272465650366,Medium
82,47,38,59,33,8,51.85859736491079,15.009531753050513,-19.699427463284284,High
90,50,42,50,34,16,45.54769533195212,17.119201325125406,-14.18117490699209,High
82,47,38,23,43,34,36.22212777279803,24.296227957657354,5.464343728579657,Medium
75,45,35,65,40,0,28.648771771614328,20.237282254959247,1.1142270974066832,High
55,38,30,57,5,38,51.074454712369075,11.309125726205265,-11.495618302867529,Low
55,38,30,49,21,30,30.265078632918613,12.306605256689375,-0.9888437867517723,Low
90,50,42,39,46,15,30.844423929523984,21.86965277981939,2.005843769205942,Medium
75,45,35,34,11,55,38.18646391521148,17.93742588460868,-1.0412466812514296,Medium
90,50,42,23,33,44,39.13504317002503,16.732849908170017,-5.057542128899918,Medium
82,47,38,61,22,17,39.97568776262071,22.589517116577213,-4.12223744640594,High
75,45,35,53,48,0,40.51607296318923,13.555680429841411,-11.300930333075184,Medium
82,47,38,36,19,45,52.34833962309198,19.340440974471502,-9.739061686156095,Medium
82,47,38,78,49,0,44.69906567494402,17.255053887628748,-21.62866334300505,Critical
62,40,32,20,42,38,44.65585413538721,11.679193740160093,-6.7904675302360555,Low
55,38,30,74,50,0,49.29552413616585,15.035492699008564,-14.393935210282446,Medium
55,38,30,61,26,13,31.00384598113134,20.529098233109337,5.854977930239874,Medium
75,45,35,58,48,0,24.51055829634608,23.292462689759056,7.33608923883776,High
90,50,42,56,30,14,54.07448608790603,14.167320894872919,-24.376972788586496,High
55,38,30,64,44,0,24.037056328874577,18.559498247406076,6.0794586014543945,Medium
55,38,30,68,48,0,33.557862476669015,10.759127614008998,-7.912467068009642,Medium
82,47,38,78,41,0,35.08419441479188,14.099408343190287,-15.101166668240996,Critical
90,50,42,43,15,42,27.60013785403882,14.991820626168696,-2.6281073798496877,Medium
75,45,35,36,44,20,53.16719781504886,19.931650203112063,-8.672302221384218,Medium
55,38,30,47,47,6,29.781080299788556,16.75417889939301,3.200809254959239,Medium
55,38,30,78,37,0,47.93259427641473,10.728472702839502,-16.57393299700633,Medium
55,38,30,47,19,34,39.65690442294191,19.468807175786907,2.3092646319799393,Low
55,38,30,42,28,30,31.026809683943164,14.264846283629828,1.0039878247125191,Low
75,45,35,50,25,25,48.906282887263075,17.892265120663055,-10.228847539513211,Medium
82,47,38,47,46,7,49.209685246217205,21.71143101020908,-9.202093261464569,Medium
55,38,30,51,35,14,22.018964865101317,24.680788490787094,14.651149994733444,Medium
55,38,30,60,45,0,44.29222555779408,24.16490948718446,1.9745044827296248,Medium
62,40,32,69,48,0,31.90984020135867,17.85389801318005,-1.9238209436220544,Medium
55,38,30,43,26,31,25.521633197070997,13.554640205215225,2.6237247069097176,Low
62,40,32,57,34,9,35.55534953429789,13.271098917921408,-5.1536832107517565,Medium
82,47,38,33,20,47,35.76175815491053,12.78730968734192,-6.63847734240548,Medium
55,38,30,50,14,36,38.916548470389465,24.655046650057127,7.679648207273242,Low
90,50,42,65,16,19,53.09032229014787,19.47517630077168,-20.066495740930456,High
75,45,35,75,9,16,45.452105395505576,14.003377084732163,-15.949560370906012,High
55,38,30,74,28,0,24.525590074472888,17.362260910894157,4.770822966659775,Medium
55,38,30,76,46,0,52.374577807230196,10.387635565313103,-20.660014158812956,Medium
55,38,30,33,29,38,21.330376301462874,19.846385453730896,11.192651788227408,Low
82,47,38,40,10,50,27.909728971285176,21.334816345309996,5.565819476533873,Medium
62,40,32,25,10,65,21.965204633018406,19.0831924995269,10.231215032420481,Low
82,47,38,47,7,46,34.25563518801529,19.15483215061397,-1.1621850793979007,Medium
90,50,42,43,15,42,39.52813910289569,16.888973376411315,-8.3457906268773,Medium
90,50,42,36,44,20,36.759141585032054,20.78797846012033,-2.2967624552798007,Medium
55,38,30,80,25,0,24.487835795033682,20.305572905339574,7.204580754996552,Medium
82,47,38,76,19,5,57.21050948055135,13.049168184821706,-28.800319500201606,High
75,45,35,42,36,22,59.633220184095734,11.749222126422364,-21.287581855566668,Medium
90,50,42,68,7,25,21.74031920197836,24.81517885695548,8.466458817067753,High
62,40,32,78,23,0,59.04617528647986,12.925663406508093,-21.061315088389712,Medium
55,38,30,70,43,0,49.13001530431771,22.55396609225898,-4.388934300628851,Medium
75,45,35,50,24,26,31.05825254518274,24.58174796048101,6.754310999546121,Medium
90,50,42,51,18,31,35.60524268255698,24.67793590828355,0.4948550782908505,High
55,38,30,38,50,12,26.120812709517693,14.23224709898804,2.8696935703478434,Low
75,45,35,23,21,56,49.96166092772684,13.788013105640037,-9.344235903897488,Medium
82,47,38,70,26,4,53.42739910076968,17.07559187151606,-20.932659848771486,High
82,47,38,30,21,49,48.12267344848219,22.615156657521055,-2.9331706762781415,Medium
90,50,42,28,45,27,59.940232678733125,18.32619192535659,-17.062521448167452,Medium
90,50,42,75,21,4,51.80362886699702,11.915524584531621,-29.361606896691608,High
62,40,32,42,16,42,30.26355843293491,18.43454862948457,4.549628020454032,Medium
75,45,35,37,33,30,25.027811804794258,11.562631213203815,-1.7271368551419357,Medium
75,45,35,80,49,0,31.03483813609987,19.410947513105384,-6.053137177564562,Critical
62,40,32,52,18,30,30.489109945702843,11.67546933198924,-3.276390185383436,Medium
90,50,42,48,39,13,34.60679290422556,14.367406171892755,-9.220583871627385,High
55,38,30,24,12,64,55.440618263835916,11.697185458843975,-8.793667051469779,Low
90,50,42,30,24,46,31.220570185423014,10.316875911929236,-7.8909606202094675,Medium
75,45,35,31,49,20,23.90084285833936,19.215913019435735,6.715772204524249,Medium
55,38,30,45,37,18,20.513460570748222,24.51366383724808,15.444662918920292,Low
75,45,35,40,31,29,27.900468865688257,24.520876230676805,9.426722574339458,Medium
82,47,38,80,34,0,52.01630694247989,22.623237052000533,-19.811666151674565,Critical
90,50,42,30,18,52,48.85647554244331,12.251824045391235,-16.006761408357978,Medium
75,45,35,44,35,21,56.50037866635805,24.87414628524673,-6.82256614658014,Medium
62,40,32,68,44,0,41.5881381241083,15.75341826572253,-9.09965307724459,Medium
75,45,35,31,16,53,32.09574478259097,23.352381050314854,7.625466106845279,Medium
75,45,35,49,32,19,32.101036006871055,21.457596452563898,2.9031976405924276,Medium
90,50,42,36,26,38,21.028443032451616,23.678519668834923,10.77546702412261,Medium
90,50,42,78,22,0,27.706889308270828,24.361179869644523,1.8631857513286114,Critical
75,45,35,21,35,44,59.92920139076724,11.541438544267953,-16.56535690800188,Medium
62,40,32,51,9,40,48.62635958456082,15.510134367332231,-7.8402435051738735,Medium
82,47,38,34,39,27,45.89429557832885,24.08667262999159,-1.8298360830907114,Medium
75,45,35,78,30,0,20.21602138057898,10.63451061228324,-3.9210247817336246,High
82,47,38,75,36,0,49.51867211539407,11.870316103429488,-26.962226569462544,High
90,50,42,62,37,1,47.903339022996704,23.376767762130108,-12.416607155853029,High
75,45,35,79,23,0,29.27306437714933,24.50886633124569,4.1348135247497595,High
75,45,35,57,31,12,27.808371763268077,15.135223294096084,-1.8000751097341752,Medium
90,50,42,76,16,8,32.44571722102928,10.677853191353782,-15.200850864139172,High
90,50,42,32,47,21,34.99929369711684,24.172999938057224,2.781431630379412,Medium
75,45,35,32,12,56,28.452812887401812,18.339357971808994,4.397479656982107,Medium
82,47,38,65,32,3,52.66576164558692,16.780412785997214,-19.811758405356585,High
75,45,35,68,20,12,21.333676007171615,23.365103334646378,9.6688833380422,Medium
62,40,32,76,50,0,44.65399026594136,14.173017173624089,-15.798741092875751,High
82,47,38,71,18,11,32.53152511975689,24.274427454807892,1.222588754948159,High
75,45,35,21,10,69,39.12810245234426,17.697680200182248,0.32480271134139826,Low
62,40,32,80,45,0,44.62815258190084,21.780185491893562,-8.388445653471404,High
90,50,42,55,49,0,56.501059270140274,18.209275514524787,-23.601508345379013,High
82,47,38,26,30,44,39.01727582345973,24.679707108026122,4.336099493674222,Medium
75,45,35,69,11,20,28.547655127489314,18.90765883289172,0.7228025166810248,Medium
62,40,32,31,48,21,35.1966351432903,15.843110038989911,-0.0446510646913314,Medium
62,40,32,39,8,53,51.673209254480476,10.636302805103176,-12.27559817833347,Low
55,38,30,24,26,50,53.05682941965383,11.317523343872644,-8.886517299131533,Low
55,38,30,72,29,0,50.1749350473749,14.591659906432469,-10.806892214548707,Medium
90,50,42,32,43,25,37.19286427607359,20.654522151366034,-1.9587393284867076,Medium
75,45,35,39,20,41,47.81215829070149,16.351041668154746,-8.79815359275424,Medium
82,47,38,79,33,0,28.401056877791678,19.117257460436107,-3.6859511067428343,Critical
62,40,32,40,6,54,35.69572757555468,15.86280230866377,-0.014657316942949805,Low
90,50,42,63,13,24,25.70692643537466,22.4287998969524,3.590764205109849,High
55,38,30,74,41,0,37.725498274014925,20.14200692384067,-1.0899035047749308,Medium
55,38,30,62,31,7,37.473257948540194,18.951194828274538,0.9715256645649539,Medium
75,45,35,28,24,48,44.067087264965714,21.706161153640434,0.28955674286709865,Medium
75,45,35,76,44,0,40.80493456697955,17.137704442236156,-14.200485305204136,High
55,38,30,36,33,31,25.54122774561863,11.362434188282347,0.7270669550067481,Low
90,50,42,47,16,37,35.2906758912504,18.21266219991666,-5.0227188068826045,High
55,38,30,77,14,9,29.64789161880787,23.203598837149908,8.269955828756387,Medium
75,45,35,74,19,7,53.15643970424405,16.233117406067308,-19.11591499725499,High
90,50,42,40,22,38,42.35474371403011,20.835275440855458,-5.8312712014978985,Medium
75,45,35,43,34,23,26.646362303155282,19.870821964260237,5.0554445237059,Medium
82,47,38,34,28,38,26.341672342230407,12.49909160795494,-2.1152682075144895,Medium
55,38,30,41,5,54,21.37727161648451,21.582087818241124,12.892226906140172,Low
55,38,30,69,22,9,54.98567046812148,14.382086686634947,-12.566390409791387,Medium
90,50,42,73,18,9,41.80204286293864,12.82975173466675,-19.976491504167498,High
55,38,30,26,27,47,36.32778898282091,17.30512004553957,3.260796824781009,Low
82,47,38,20,20,60,29.617403869603088,13.38998686968875,-1.0040714109383497,Medium
62,40,32,69,14,17,50.02203410661849,14.071082375858134,-12.850776380323937,Medium
82,47,38,80,39,0,47.58280009242829,10.74971916830815,-29.18652494926692,Critical
62,40,32,34,16,50,22.703919646644508,17.817589158220173,7.945924895859141,Low
75,45,35,74,6,20,38.41601771751325,19.063740024935242,-5.983503526883396,High
75,45,35,45,9,46,33.21801957968937,11.393913001363453,-6.510599552089117,Medium
55,38,30,49,12,39,37.49931684902945,17.026493972428344,0.823039161962722,Low
75,45,35,24,50,26,50.37689872000959,16.361905540341724,-8.625036224783035,Medium
90,50,42,22,38,40,50.20237428150612,16.278663568913775,-11.63385653160363,Medium
62,40,32,57,34,9,23.044334613656353,18.345162238056542,6.40358804125982,Medium
82,47,38,33,36,31,53.26848044217301,13.475995471797162,-16.226509222758505,Medium
90,50,42,62,10,28,41.7636387812025,11.682510407119619,-18.621185892520916,High
75,45,35,63,40,0,45.45412793036364,16.59398181405168,-13.064836660510593,High
55,38,30,52,34,14,33.93873205884041,12.038492385049096,-3.4782959122527384,Medium
90,50,42,46,22,32,54.21489481426285,15.371504285150177,-20.323582460560484,High
82,47,38,29,18,53,47.09194248030691,22.457893301901265,-2.208866169283496,Medium
75,45,35,54,17,29,38.62157136886806,10.008123956753037,-12.508252151297041,Medium
90,50,42,67,30,3,23.947592651694944,11.906336581780103,-6.427940352357549,High
82,47,38,35,28,37,29.617981001628024,13.373695034312028,-3.1886799417983624,Medium
75,45,35,26,25,49,38.88664787266452,19.804870542725837,1.1781662117195317,Medium
75,45,35,28,38,34,49.090111522689995,22.751377484090554,-1.7936782772544433,Medium
62,40,32,65,8,27,28.10833988887158,20.246797191178228,5.591108773120586,Medium
82,47,38,44,8,48,31.410782548229722,16.72520450061861,-1.5181780033932135,Medium
55,38,30,73,27,0,50.52998192948969,22.273341286061495,-3.198822604594259,Medium
75,45,35,55,5,40,49.46491538184394,20.725638620101144,-7.716687724459117,Medium
55,38,30,26,31,43,57.0938177808531,16.043296377322996,-6.211873793653542,Low
75,45,35,32,19,49,47.021609259546004,24.385901822943012,1.016162020948645,Medium
55,38,30,26,18,56,31.424920423423657,14.503854249578872,2.581239440931938,Low
62,40,32,78,13,9,33.801010899951706,23.74483342732927,4.667542875396524,Medium
55,38,30,28,21,51,36.94400204498755,21.242118443759963,6.95217845275878,Low
90,50,42,30,24,46,27.73461407885185,10.48760665263811,-5.687220278148288,Medium
75,45,35,62,26,12,40.82027398094762,22.015984462342686,-3.4558665017686288,Medium
55,38,30,72,12,16,47.37914679148602,16.351530783966453,-6.845299485145105,Medium
82,47,38,47,15,38,37.86398010773362,12.678566184285291,-10.051181074387202,Medium
75,45,35,72,45,0,41.35225741705112,17.113520008567143,-13.590531123593315,High
62,40,32,25,48,27,35.529220989435025,19.60850697221219,4.21014259539105,Low
62,40,32,30,35,35,44.37595624815033,11.641569382848814,-7.795099453841029,Low
75,45,35,53,44,3,46.61733963243367,21.02392470946534,-7.226183107789463,Medium
62,40,32,50,41,9,39.49465327980771,18.77749432050522,-1.0804173485820954,Medium
55,38,30,56,25,19,29.230826364024914,17.921680262507238,4.475500135055777,Medium
82,47,38,67,12,21,32.92544801510054,10.880164416862655,-11.693522742290277,High
90,50,42,44,24,32,35.19218481873807,23.642597453449525,0.7536004473422828,High
90,50,42,31,11,58,23.643233450777487,21.226220510459314,7.569888869290237,Medium
90,50,42,68,18,14,59.49122739760673,14.865245197898473,-30.395680606200727,High
90,50,42,59,16,25,40.72604857857513,20.341827312184353,-8.818023470075438,High
82,47,38,51,33,16,25.68023572588013,22.639015960640968,6.355178486860378,Medium
75,45,35,60,22,18,41.085005358070525,18.729591283801923,-6.414431995337239,Medium
90,50,42,65,12,23,22.880570039474467,12.28817521543466,-4.680055525839602,High
62,40,32,25,38,37,54.18688448606845,12.160550368745394,-10.890550291628124,Low
62,40,32,52,47,1,52.688615483031505,19.746680177424434,-7.314192734660544,Medium
62,40,32,76,36,0,22.48702297908241,21.132500469008164,7.298483932276662,Medium
75,45,35,57,40,3,41.742791074460044,21.60487167826183,-4.192173205754475,Medium
82,47,38,73,26,1,44.54588616013021,14.567409998073533,-17.710539113556816,High
82,47,38,41,22,37,55.4344490571268,22.78546897618579,-9.37759836675918,Medium
75,45,35,25,50,25,55.18211142898863,14.168442411297626,-13.422613303196687,Medium
82,47,38,59,18,23,47.69657323565103,23.984955570758395,-7.294457157181547,High
62,40,32,49,47,4,56.568466809579355,12.26319694587653,-16.281251406237217,Medium
62,40,32,49,15,36,21.001716041061258,15.002822984263792,4.94300100059545,Medium
55,38,30,72,43,0,35.188134711891124,14.873583641619698,-4.810658916212196,Medium
55,38,30,43,32,25,59.028836878546464,14.461891673348493,-11.103497578749984,Low
55,38,30,69,25,6,26.476819265694942,21.68856638780089,8.64873289944613,Medium
55,38,30,50,34,16,37.135617940261625,14.741209714242057,-2.0515167183442493,Medium
82,47,38,51,28,21,29.723885113336497,20.656073784801364,1.9419157174447044,Medium
82,47,38,47,48,5,55.22039101939173,11.895258831677875,-22.89358751053891,Medium
62,40,32,68,46,0,52.768000607444854,14.290007363058255,-17.66629380481035,Medium
55,38,30,41,14,45,48.55158626061252,12.395024715778032,-7.690766520237364,Low
62,40,32,43,5,52,58.10133842712866,18.757565580618042,-7.562340726871238,Medium
62,40,32,75,30,0,50.128501212413354,18.23664556548333,-11.08852764377848,Medium
62,40,32,24,12,64,40.815949665639195,20.08168696534522,3.6900015796245214,Low
82,47,38,30,28,42,44.31787095872629,13.675095466214366,-10.132464812813396,Medium
55,38,30,72,46,0,26.07446324569476,12.571566301685595,-2.3117373189569737,Medium
75,45,35,21,14,65,32.98466622742027,15.97607366369401,1.1989431938097308,Low
82,47,38,38,44,18,44.36312337306468,15.124781672061317,-10.907499123253036,Medium
62,40,32,77,5,18,49.61174406868831,15.800358352709322,-11.73415960541269,Medium
62,40,32,78,34,0,21.21235093266668,24.15428688203768,11.011114244157405,Medium
55,38,30,44,28,28,33.23337545714019,19.30729664262507,4.93718509495765,Low
62,40,32,63,8,29,28.766246857687655,22.430555615422357,7.604431984970141,Medium
90,50,42,24,5,71,31.923969753697282,22.204027889253872,4.990623398060297,Medium
75,45,35,32,13,55,47.93394461202059,11.186841031508202,-12.348725772993909,Medium
82,47,38,38,13,49,49.77232194287723,20.781735074161624,-7.036015659712454,Medium
62,40,32,76,33,0,33.269257425693695,13.006402357682664,-7.061613721495771,Medium
55,38,30,39,14,47,54.07730579218243,13.283620403649046,-8.81777447361591,Low
90,50,42,74,13,13,54.09093086488553,14.686623277323026,-27.80721201013105,High
90,50,42,47,33,20,35.84887844629207,23.290924600603642,-0.7995217153046283,High
82,47,38,73,44,0,26.533976154552423,20.737493692040136,-0.6329707028363885,Critical
62,40,32,55,38,7,29.047561362988837,20.355520609848085,5.38440748336364,Medium
55,38,30,69,15,16,46.22732790306844,18.293039647230632,-4.104100721806031,Medium
55,38,30,70,19,11,55.12465508369134,21.345245571650008,-5.676860350375488,Medium
55,38,30,36,10,54,21.108501025252902,19.390902450152346,10.989719042101692,Low
55,38,30,66,20,14,46.91746230362936,13.979512230083978,-8.587787137961746,Medium
62,40,32,31,31,38,27.36412993296551,24.026999649911083,12.046983565258781,Low
55,38,30,28,30,42,39.94659756010308,13.219702466922364,-2.5192569717582476,Low
90,50,42,60,31,9,44.20509625917189,18.183222736985623,-14.210271801735534,High
62,40,32,28,39,33,34.61580386070336,10.593931777696351,-4.470866062481752,Low
55,38,30,69,46,0,50.608455170035455,20.395785693580684,-7.656481007169969,Medium
62,40,32,28,39,33,40.07455773624258,14.755210893242845,-2.685236633569927,Low
55,38,30,35,16,49,20.991278536088778,10.571577727545836,2.1687689295494987,Low
90,50,42,48,16,36,46.3582269385935,21.779556586304732,-8.965219519370475,High
75,45,35,68,9,23,27.952028711630525,18.453805142024468,0.8160750249856044,Medium
82,47,38,55,17,28,37.96991210933336,14.05113301890836,-10.14709196836979,Medium
90,50,42,74,43,0,59.05702214830959,15.44664074592561,-36.58259576673514,Critical
75,45,35,35,48,17,52.89505269908347,13.81812593726286,-14.639412414844045,Medium
62,40,32,77,28,0,40.97378493965992,15.12441643759703,-9.025532405838526,Medium
90,50,42,41,5,54,52.6742373572247,17.52419982049914,-15.175966730865955,Medium
75,45,35,54,24,22,52.078279306253975,24.828872447848475,-5.897312342841367,Medium
55,38,30,60,41,0,54.74688254429467,18.395398100664472,-8.20063743935388,Medium
90,50,42,64,13,23,29.987736077778994,23.33579065625502,1.2168365252852347,High
90,50,42,63,47,0,50.57099223228258,13.069531826377236,-27.48840394391339,Critical
62,40,32,32,9,59,43.38603529223333,12.152875524782807,-6.208094610890338,Low
82,47,38,75,7,18,49.87185032179572,22.268945379313728,-13.454261006188545,High
90,50,42,52,36,12,57.614036782955715,13.572964196953253,-26.66467909226302,High
82,47,38,28,21,51,56.61413199321598,12.874053241625749,-16.684185072032314,Medium
75,45,35,66,7,27,32.9152047128521,19.670667890079688,-0.7696742366014675,Medium
62,40,32,44,28,28,51.9687839822809,13.289500645391248,-11.364490475802809,Medium
62,40,32,75,10,15,44.62229758183872,11.332396623114557,-13.343733939642254,Medium
75,45,35,56,5,39,59.51735871465493,15.01985526538472,-19.44069543040048,Medium
62,40,32,74,46,0,28.81960705538715,16.95203926703621,-1.5732041481666528,Medium
90,50,42,78,15,7,42.49948640221145,15.559257229283762,-18.71232860545955,Critical
90,50,42,71,9,20,32.77942985980168,15.374210479216213,-9.800391653111479,High
90,50,42,42,30,28,23.481601920031704,14.562236288734546,-0.5974859108379231,Medium
62,40,32,77,48,0,21.01539870666737,18.743607255331277,4.67589936108814,High
90,50,42,31,13,56,46.60776823681299,20.492385293652113,-6.502834069109973,Medium
82,47,38,21,17,62,36.72751142014546,18.780788739187734,0.8687814195827919,Medium
55,38,30,45,49,6,58.0998721493105,17.319080901626073,-8.924631348217478,Medium
82,47,38,59,25,16,21.084245667913926,24.608135420433292,10.648256363707484,High
62,40,32,34,28,38,58.85210868085928,24.062063487276745,-2.091813610497116,Low
82,47,38,55,16,29,50.36298925679148,16.571108601985483,-15.479897761036614,Medium
82,47,38,50,45,5,44.83597364457715,20.66730953883563,-8.050131580516034,Medium
90,50,42,48,37,15,50.39993821242831,13.421574242520617,-20.85038374193064,High
62,40,32,61,28,11,24.379355188846503,10.684188807607773,-2.1247244086121793,Medium
62,40,32,72,18,10,20.965266442446588,23.014663176556883,11.475380526634282,Medium
82,47,38,57,39,4,28.648228721741287,14.1106221565874,-4.966233349220126,High
82,47,38,31,50,19,21.325293688976874,14.526453373523857,2.5544334965322406,Medium
55,38,30,34,42,24,34.83373218467884,22.232539328128397,7.651139035621837,Low
62,40,32,60,28,12,27.309737125882485,16.685101252166735,2.418494577605726,Medium
55,38,30,30,34,36,55.97092827577643,17.455955570253046,-5.055551782264235,Low
55,38,30,20,17,63,21.915363866053884,19.939977123845544,11.971550822148352,Low
90,50,42,30,46,24,25.229161815398808,17.22885620660282,2.0711757879112174,Medium
90,50,42,80,16,4,22.98257172944443,17.130557241320428,-1.641607347289785,Critical
90,50,42,79,15,6,30.555799564621154,10.317197079963815,-14.469667526856867,Critical
82,47,38,74,15,11,37.14476704237431,14.802560774659373,-11.908241205511992,High
55,38,30,63,25,12,56.284158735322634,14.582021852717126,-12.29366394339943,Medium
55,38,30,20,50,30,23.769102019252635,18.25097694296744,8.981027155458913,Low
82,47,38,29,31,40,34.950736217759555,10.288877759708189,-8.427241484902051,Medium
90,50,42,48,13,39,35.36858755836327,10.42553683481423,-12.946025823752214,High
90,50,42,48,8,44,31.211616620173256,21.449649697695982,0.9498599015661853,High
62,40,32,27,16,57,43.178016713758716,19.576426315399164,1.7093629992458084,Low
62,40,32,49,6,45,43.502641550570104,16.382862835470412,-4.141683448088564,Medium
55,38,30,75,29,0,35.014089227714166,23.875847420711867,5.573982981385672,Medium
82,47,38,44,22,34,27.33152794713989,18.70163509628878,2.4831064124559674,Medium
90,50,42,36,24,40,24.67655509303264,12.657369283562048,-2.444682433373927,Medium
55,38,30,57,26,17,22.23569537880582,15.387705016988011,5.085907347987275,Medium
82,47,38,74,6,20,44.79162387594089,16.298217497949338,-15.548627077844635,High
55,38,30,48,30,22,47.66795877801828,22.619308672374157,1.4547349749340377,Low
62,40,32,40,13,47,23.990191959515847,15.975339686928649,5.1701572283627115,Medium
55,38,30,75,12,13,52.720754647331816,11.405459229759048,-14.802027905429599,Medium
82,47,38,49,23,28,30.399285324843245,24.761049089049415,6.02596954334852,Medium
75,45,35,51,41,8,42.345211303629696,12.530951673570392,-12.664449052089275,Medium
55,38,30,25,39,36,35.286196148734064,21.49055303712681,7.598377613370207,Low
75,45,35,63,22,15,24.147905500071857,20.186867435595,5.118574403550163,Medium
55,38,30,70,16,14,20.713790347351505,10.365021053181684,0.26083412174361875,Medium
90,50,42,51,44,5,44.565502681415126,19.473254220456113,-11.722597656534472,High
90,50,42,40,18,42,59.328462009860914,14.855629065859791,-22.307719537117084,Medium
75,45,35,41,23,36,59.45152005117023,21.81687374342863,-10.108592524049783,Medium
75,45,35,73,20,7,47.12748661284009,11.951808113415476,-19.246588024284662,High
62,40,32,33,17,50,42.14758032355624,17.857749127696515,-0.37529412027391373,Low
90,50,42,67,40,0,33.46350425099672,14.060437733067513,-12.810756180482851,Critical
55,38,30,65,48,0,53.7637469530411,16.293865426984684,-12.733181552962208,Medium
82,47,38,28,50,22,58.32626668669422,23.297842607258655,-8.676616790387115,Medium
90,50,42,40,20,40,27.771826270572753,11.636488373778722,-5.804218524140968,Medium
82,47,38,72,46,0,54.86495571017543,15.964651229852903,-28.289422045974597,Critical
90,50,42,53,18,29,41.77195816868719,18.120767839571528,-10.65175694702021,High
75,45,35,71,14,15,23.30479908724697,11.308192283474508,-3.7933175250615285,Medium
62,40,32,55,11,34,52.847241929165335,13.051839356907896,-13.044128707713947,Medium
75,45,35,48,31,21,49.56927306729835,22.52514384779888,-5.878049619763072,Medium
90,50,42,78,43,0,32.63347933384935,23.5848726066787,-6.340027942461155,Critical
55,38,30,28,28,44,25.273860739448118,10.093078441723623,0.17561548756418155,Low
75,45,35,27,25,48,39.18688289724107,10.113198812895533,-8.814065626471905,Medium
62,40,32,69,28,3,30.481214363506332,16.396378884278697,-0.3500002870316834,Medium
82,47,38,44,36,20,37.200589797038646,15.924738151982101,-6.618819265023319,Medium
90,50,42,78,9,13,47.99995599808009,19.55314068698815,-18.92362404107285,Critical
62,40,32,44,7,49,47.61987537653877,15.662658338505047,-6.128196633799096,Medium
62,40,32,58,10,32,29.29947043381278,23.882664574965705,9.17433041719169,Medium
75,45,35,59,44,0,20.36573359536301,23.757747327130556,10.713494959300547,Medium
75,45,35,25,20,55,22.82864404133973,10.036580010996847,-0.6928826884328245,Medium
62,40,32,66,18,16,39.491012669995584,13.5977227316466,-7.427292413859048,Medium
75,45,35,55,14,31,45.136694176374995,13.018865162281347,-13.340964236721646,Medium
75,45,35,49,20,31,50.86240349517429,10.174895870164557,-18.613224508104096,Medium
82,47,38,33,30,37,46.72974435382817,16.12763222210569,-9.676532610078226,Medium
55,38,30,25,23,52,53.622550676276944,22.82463422756797,2.3998046749740816,Low
82,47,38,61,16,23,53.26539253247903,12.171177472795499,-23.133124697731603,High
82,47,38,72,11,17,43.01191075418713,23.49604008880323,-6.900477241180813,High
90,50,42,61,45,0,34.44594099844504,19.693373645912352,-6.967784686884109,High
90,50,42,66,14,20,46.48095520376528,17.55513876443924,-17.21261572797719,High
55,38,30,27,39,34,43.58841400063257,19.10796167865267,1.7292610166004678,Low
55,38,30,76,47,0,55.51425199964533,11.764154959796326,-21.35564778319208,Medium
62,40,32,49,19,32,24.448090710921377,14.58369651110667,2.7948271703003815,Medium
90,50,42,36,17,47,45.99707220064245,23.865896374158613,-4.026728208310971,Medium
82,47,38,52,34,14,59.51070319970134,14.748644189276934,-23.3024994366121,Medium
55,38,30,78,47,0,48.91632257875217,22.912535108471225,-6.809022490378595,Medium
55,38,30,30,26,44,43.76100843291795,14.316457967558355,-3.0041491701905674,Low
82,47,38,24,50,26,20.619734952649893,24.022162864210504,13.08133149833447,Medium
75,45,35,26,19,55,24.029558320479456,16.940309543284272,5.57432845769749,Medium
90,50,42,78,46,0,44.88329129271731,15.354150316381588,-26.47707716843095,Critical
82,47,38,22,29,49,57.522145455327205,18.200397116960186,-10.727489832523865,Medium
62,40,32,32,42,26,59.73349436040507,16.873912246524583,-9.982266817913537,Low
62,40,32,27,28,45,41.365978805890926,18.500407191902177,0.9860517654879573,Low
90,50,42,54,13,33,35.64741618414989,20.147379122060897,-4.435079078528865,High
90,50,42,47,13,40,59.68900019883976,13.378059058753966,-25.77792507168491,High
55,38,30,52,27,21,44.97118165002177,24.506226794998454,4.197241161848627,Medium
82,47,38,37,42,21,30.575487422802198,16.610420849530286,-1.1417071481486687,Medium
82,47,38,57,10,33,38.48204531690703,12.519869146071034,-12.100943447686081,Medium
62,40,32,71,24,5,47.41225726438871,10.411225907027324,-15.76982255436812,Medium
90,50,42,75,9,16,40.46344336803697,24.2325877762282,-7.620234843090504,High
82,47,38,22,21,57,47.837836635697315,24.562107228182217,0.8488916078670563,Medium
62,40,32,57,43,0,51.23120327912496,20.493331313517146,-6.423542889335106,Medium
75,45,35,28,17,55,47.981523308732314,22.574393675177735,-0.40875598970504257,Medium
82,47,38,79,49,0,29.773573990994826,24.982865732949904,-1.1613095885426539,Critical
90,50,42,34,22,44,47.00174835797463,19.44559643236343,-8.793053981107725,Medium
90,50,42,39,50,11,22.63682556260668,15.893563430867573,1.2430099267485293,Medium
75,45,35,49,18,33,45.075092324955094,19.79635609927146,-5.62599597200321,Medium
82,47,38,74,45,0,42.96017644235696,10.835233458639639,-24.319078924141063,Critical
75,45,35,29,17,54,52.99106404978569,18.605312561692937,-6.989371374353553,Medium
55,38,30,49,7,44,26.35583719966643,18.146865212914896,6.8639313077376976,Low
55,38,30,27,21,52,45.95837977514954,20.163417204759973,2.5016118571700083,Low
62,40,32,78,18,4,26.98927686486862,23.945765563256234,8.60506059326491,Medium
62,40,32,46,10,44,57.840242077627465,15.085233320276467,-11.868319487897933,Medium
62,40,32,46,33,21,55.479058386592506,11.981040197141635,-14.893015685323775,Medium
62,40,32,52,40,8,47.74927291115439,19.839418191774264,-4.417212447092169,Medium
82,47,38,38,13,49,42.16697321015891,13.616616373003147,-9.950504954154663,Medium
82,47,38,64,48,0,50.51060713473947,20.390026199569746,-17.51313339433876,High
82,47,38,53,50,0,25.84656159788079,12.000424663145553,-5.306432982795423,High
55,38,30,79,14,7,33.41753723539562,16.595836617150624,-0.4036645744951244,Medium
90,50,42,71,44,0,33.593738761035276,24.659850720995337,-4.197170874733967,Critical
82,47,38,50,15,35,58.855744414196174,19.052165980738994,-17.05583321737036,Medium
62,40,32,70,41,0,32.84719733658547,24.082401394892635,4.439777387614527,Medium
82,47,38,46,38,16,57.75856844244239,18.821558077405463,-16.792375224204513,Medium
75,45,35,72,50,0,49.559393398973015,22.693153090625884,-15.21978285958847,High
90,50,42,39,14,47,50.955104946150904,16.626432306674864,-14.884204592024858,Medium
62,40,32,61,31,8,29.86947366184448,16.380043115992358,0.6149349172708387,Medium
75,45,35,20,13,67,28.950057533041633,21.157360215570762,8.33248472843332,Low
90,50,42,68,36,0,28.790562411933113,10.814325845118047,-11.987799585132981,High
90,50,42,65,33,2,38.68700542287472,12.104933778414747,-17.235291134293444,High
55,38,30,66,30,4,27.52775751647462,24.923240293652075,11.462166868095986,Medium
55,38,30,24,33,43,59.97299772161623,15.56331691425461,-7.610249405377903,Low
55,38,30,65,29,6,23.535976970675982,22.567505698162176,11.13608168350485,Medium
75,45,35,57,23,20,29.92175887223197,11.848511975355848,-6.134465106855565,Medium
55,38,30,47,30,23,48.092549348015794,16.476951056880345,-4.7559094802686275,Low
62,40,32,75,8,17,48.33469970919164,13.75086253599671,-12.90089088365156,Medium
55,38,30,60,19,21,40.7718090825333,24.822817326795956,5.855771741601462,Medium
75,45,35,76,12,12,43.48803484200904,12.996919943853477,-15.966111260924542,High
75,45,35,54,44,2,27.17958387355469,14.613291190522608,-1.9662549723457534,Medium
82,47,38,56,19,25,37.065778816169214,12.066578796289352,-11.785249871915536,Medium
75,45,35,39,38,23,50.07815854985664,16.27454326224437,-10.967974988877643,Medium
62,40,32,77,41,0,45.87047636816099,14.088214797078875,-15.333108745459585,Medium
62,40,32,41,5,54,33.556971413413606,18.231220031563286,3.231253809767404,Low
75,45,35,40,34,26,36.65536541017556,16.869984548955482,-3.0705342341800232,Medium
62,40,32,30,31,39,35.09478906607685,20.456497462316243,5.19728317638603,Low
55,38,30,52,28,20,50.22382085544628,15.837793093844821,-6.883463461159076,Medium
75,45,35,32,48,20,40.260858642801296,17.607371591505473,-3.569840054608008,Medium
82,47,38,40,40,20,59.7526213659276,19.076455269346717,-16.29709657928243,Medium
82,47,38,54,22,24,32.900685026826984,11.793280523068066,-9.177616113031451,Medium
90,50,42,44,33,23,45.256834342979985,16.229523453633163,-13.531370810310477,High
82,47,38,42,16,42,30.89077452956538,22.311555305513977,4.4196186979897085,Medium
75,45,35,36,19,45,29.154967001115303,20.94807737843305,5.991579306860901,Medium
62,40,32,62,39,0,36.3588555696188,11.648918913175777,-7.999406636646221,Medium
75,45,35,59,41,0,22.65798591747793,21.024027076384428,6.8174699061257655,Medium
82,47,38,51,8,41,48.423110890117314,16.938924157847495,-12.676650462548249,Medium
90,50,42,74,47,0,46.92781407085248,19.473408171568,-22.808552306270077,Critical
90,50,42,44,9,47,46.65268729370017,10.480625265164221,-19.30245030313397,Medium
75,45,35,70,25,5,50.47002023941623,24.317270691071684,-8.74059256574595,High
75,45,35,49,15,36,34.854138561045716,23.4208796047201,3.867707871973451,Medium
75,45,35,43,38,19,57.37399196571747,22.37560189901695,-9.75383360178484,Medium
55,38,30,59,5,36,34.84749983987166,13.009572883390629,-2.7240732943114256,Medium
55,38,30,78,11,11,27.036310181783932,16.42005743471312,2.7991643651303733,Medium
62,40,32,21,30,49,37.29147084175818,20.01176983657959,4.834141203984007,Low
55,38,30,30,44,26,45.65472549462625,13.30846779266393,-5.419100605231758,Low
90,50,42,60,19,21,47.09697009061203,12.471150067127754,-21.58937870240287,High
75,45,35,77,41,0,47.974009304292665,11.033244537112651,-25.52295055275836,High
75,45,35,67,34,0,37.14067021542493,11.603435221657731,-12.742274104553312,High
75,45,35,50,33,17,32.90094607876533,13.051464843453545,-6.12978672046664,Medium
82,47,38,49,16,35,55.89193214642155,19.633216054332955,-14.460862554984189,Medium
62,40,32,36,16,48,51.32216835284892,13.504052172216806,-9.118759637718995,Low
75,45,35,71,25,4,47.07239190674383,11.463243117403566,-19.557463149140624,High
55,38,30,80,27,0,50.27481453938082,23.24026067587007,-4.038853693197964,Medium
55,38,30,60,50,0,52.50376194711666,11.473619232098025,-15.828336980402637,Medium
55,38,30,72,5,23,54.2834804737922,18.717758756541745,-7.555445792773682,Medium
75,45,35,70,9,21,53.73474099872922,18.22567815212454,-16.110821346063435,Medium
62,40,32,24,24,52,44.49877899038077,23.5991551783644,5.301257257519829,Low
55,38,30,54,15,31,54.40238872987096,20.95723703734238,-3.3606307249099387,Low
90,50,42,58,18,24,57.08570528709842,13.129865666698947,-27.560825061944804,High
75,45,35,56,32,12,23.649279887428683,19.39500277271,5.063539160928219,Medium
82,47,38,76,9,15,34.35775293908726,14.204546686418526,-10.618929812072023,High
62,40,32,57,8,35,31.327356188296665,12.044995064503366,-3.537231903555396,Medium
55,38,30,52,49,0,29.290008262925127,12.222904405533281,-1.6078374962199646,Medium
82,47,38,57,14,29,47.4064313162499,20.924314572381803,-9.576983336493388,Medium
75,45,35,31,35,34,25.88145026794662,17.652137100986707,4.478478914601878,Medium
55,38,30,56,10,34,37.34771199833938,10.074514221852697,-6.657260753403344,Low
90,50,42,36,43,21,44.77373856133568,14.723745668352102,-13.358343157317638,Medium
90,50,42,35,43,22,44.03110210234888,15.06487706939338,-12.34008087910857,Medium
75,45,35,74,33,0,20.627314077076488,11.712113439085313,-2.799202014137995,High
55,38,30,59,36,5,37.835184260571005,24.180554327199474,6.1596560638895035,Medium
75,45,35,38,44,18,32.79136445873684,18.37635023244227,0.47226523797195696,Medium
82,47,38,52,25,23,23.310099607314964,17.601501120982494,2.8858352388845585,Medium
55,38,30,44,43,13,24.706942150198934,16.381460214474792,5.401695122926387,Low
62,40,32,56,38,6,56.44819055348748,23.494584032676414,-5.768157950251499,Medium
75,45,35,47,8,45,56.7965625133449,13.549671774504617,-17.461251357781702,Medium
55,38,30,64,35,1,25.462915597123576,23.607486834451805,11.1815840230555,Medium
82,47,38,24,11,65,43.884181195453564,24.063205027097794,2.318593244750552,Medium
90,50,42,39,18,43,48.776095315452395,23.171695687191068,-7.147525160894137,Medium
82,47,38,26,9,65,26.346810717659707,12.650252347899256,-0.5890200377247456,Medium
55,38,30,54,8,38,39.891210645780035,17.917346071213615,0.30936569216630616,Low
62,40,32,70,8,22,42.1667834301469,15.81787882656622,-6.800383805364577,Medium
75,45,35,61,12,27,36.94499762108828,20.616570077116318,-1.7720984812631784,Medium
75,45,35,75,24,1,21.58284151643063,23.572070243725587,9.025235061651342,High
55,38,30,58,15,27,24.848953329321102,12.915053910039909,1.5590822385401655,Medium
82,47,38,76,24,0,23.778066021482623,17.620640877729365,0.11998428591815369,High
62,40,32,41,29,30,41.93046399217039,11.527919990390208,-8.020062322759626,Medium
82,47,38,66,50,0,22.833232699175163,22.283727931358598,4.560572710258835,High
90,50,42,33,5,62,35.0346398620306,22.399489840141435,1.9953155844948114,Medium
82,47,38,60,46,0,30.23095495612939,22.909027716455363,1.4994654165245294,High
55,38,30,54,31,15,26.743486919411716,13.756713549831506,1.4600582642859994,Medium
62,40,32,26,44,30,59.14507122013673,10.12608162586591,-15.495563226697323,Low
90,50,42,53,42,5,47.38286532658971,19.389178278181753,-14.157890373043763,High
90,50,42,76,40,0,31.868163254224896,13.576663063137854,-14.594793253596954,Critical
75,45,35,40,18,42,31.502544820963948,21.30179294237678,4.668449276907815,Medium
90,50,42,65,49,0,41.15429346084048,12.796948918334406,-21.361114654163188,Critical
62,40,32,31,27,42,53.005459529963744,12.452380548832803,-10.583792162889438,Low
55,38,30,67,30,3,25.922545001162256,22.054178227550057,9.313247359478808,Medium
90,50,42,52,6,42,43.522163986365555,22.519868821422357,-6.831478570982576,High
55,38,30,22,48,30,50.29062253818375,16.873329669324217,-2.9110012371972687,Low
90,50,42,20,14,66,54.37819658919172,17.554886042700474,-11.1132991991214,Medium
82,47,38,69,49,0,35.05177316608,18.78394833419094,-9.120768283325347,High
75,45,35,40,22,38,29.531902043715164,10.02470394256188,-5.686267944694588,Medium
75,45,35,67,7,26,54.67224400595855,16.76854857422591,-17.40160392949818,Medium
82,47,38,21,15,64,35.8954493216616,19.844042160506074,2.4024433351107,Medium
62,40,32,71,46,0,34.761076270589406,13.288794901709963,-8.409068906391944,Medium
62,40,32,66,7,27,43.2485697438464,14.732986548720895,-7.911964569157078,Medium
62,40,32,65,35,0,41.5368485335666,24.16537567214533,1.6108669184186724,Medium
55,38,30,32,5,63,31.68923451978233,23.65264607210534,11.483980016508925,Low
90,50,42,22,15,63,42.737469370497976,10.031443446721992,-12.944220086857717,Medium
75,45,35,52,8,40,54.96885787381953,11.640520302021015,-19.47185325456084,Medium
62,40,32,49,32,19,52.13699935013586,17.795163112659797,-7.887522767217128,Medium
75,45,35,72,45,0,24.282223570348602,22.54021207012805,4.510661069144213,High
75,45,35,34,47,19,28.566494404460926,24.963437519834464,9.737496002256794,Medium
75,45,35,33,45,22,47.081678789241536,13.758134507144897,-11.053910214785395,Medium
90,50,42,44,34,22,35.3937376213192,11.553834874759069,-11.74940197511749,High
90,50,42,58,10,32,33.0829345247338,21.6708501451221,-1.6989348031498608,High
82,47,38,48,27,25,41.10511192333412,14.847459107551817,-10.452737281260333,Medium
55,38,30,57,26,17,21.992339898450155,22.31377295104506,12.124721876093103,Medium
62,40,32,43,38,19,22.346784760015126,18.593967802531186,7.880919188579934,Medium
90,50,42,26,46,28,34.63186255239417,22.693071584465358,2.5511803239929094,Medium
62,40,32,79,42,0,56.23441780407579,19.59317520724917,-17.397824824271883,High
55,38,30,70,17,13,35.59410712875642,11.912527590347631,-5.478753152762755,Medium
90,50,42,55,26,19,21.897479266689697,20.4365836308275,5.0032402436645995,High
62,40,32,70,15,15,44.86230316308869,24.853629681036633,0.538261366642562,Medium
55,38,30,40,50,10,57.51114022862045,19.40560844612443,-5.899293254468567,Low
55,38,30,47,48,5,54.55812447131181,10.824470400615061,-14.048578545855994,Medium
90,50,42,70,5,25,33.150131729388704,19.73781818518426,-5.456281929151157,High
75,45,35,43,49,8,59.46014208887978,21.382899628818187,-12.56884150393217,Medium
75,45,35,34,44,22,55.92215162210426,24.345115971762198,-5.293624387953063,Medium
82,47,38,76,20,4,58.4148048024919,10.739532519275896,-32.043470518069164,High
62,40,32,53,39,8,43.552049115195956,13.985862185496995,-8.23439327307598,Medium
55,38,30,75,27,0,46.989864637753065,19.255538988338827,-4.948940286567776,Medium
90,50,42,54,27,19,35.28881058171399,19.71589359274034,-5.014504862924824,High
82,47,38,22,45,33,48.25024514323667,13.490378654167175,-11.469473158429151,Medium
82,47,38,39,15,46,23.535173370375702,20.209258773787646,6.909532302188339,Medium
55,38,30,75,36,0,22.170285623043092,16.86163438545465,4.6834964927170795,Medium
82,47,38,27,38,35,54.967510521761525,13.132959972290955,-16.164723135807932,Medium
62,40,32,45,15,40,52.303599390253346,21.43566609861471,-2.9901148166336036,Medium
82,47,38,50,5,45,22.78646759753928,11.14640756504905,-2.6280120976634453,Medium
75,45,35,58,24,18,38.40299230492076,15.184573093289211,-8.087640243492766,Medium
62,40,32,57,14,29,39.408536719675666,22.399132212019737,2.6081650713986164,Medium
75,45,35,66,34,0,43.700415843557536,12.275540184965283,-16.042329281660002,Medium
90,50,42,70,11,19,29.182788198025783,17.287988722944704,-5.031007690905415,High
55,38,30,43,34,23,35.16576743726584,24.745189128079545,9.458630023100085,Low
90,50,42,27,25,48,59.11706363989032,19.047793327322292,-14.625286121959231,Medium
90,50,42,23,50,27,43.96254154174694,11.956448126717657,-13.119785568694798,Medium
62,40,32,67,22,11,35.62628322624838,10.065336562379423,-9.122979583277955,Medium
90,50,42,54,13,33,27.61415457736441,15.51712953346118,-3.5255914630893166,High
90,50,42,55,11,34,30.735192701703532,22.213489114740632,0.9201476110004272,High
82,47,38,31,31,38,54.015162769885556,22.340806492053424,-7.059646603595283,Medium
90,50,42,42,29,29,40.87183487162626,13.29489332446569,-13.059265800758926,Medium
90,50,42,43,13,44,39.78168961033248,17.108876952679047,-8.224102991180676,Medium
82,47,38,79,14,7,47.42349600679213,20.684410957939058,-14.418460786288477,High
62,40,32,31,28,41,22.018209867905615,23.085681068579884,13.49895249209378,Low
75,45,35,75,35,0,35.60760602948322,19.063966653031887,-6.573509688196033,High
82,47,38,25,17,58,53.9502685629576,10.381426703618711,-16.879644001243765,Medium
75,45,35,53,17,30,38.89418185389023,17.634387710072293,-4.885343583330151,Medium
90,50,42,52,14,34,25.888889542353667,15.676791991011882,-1.9483640094224945,High
82,47,38,34,33,33,40.79132432347987,10.755078949229418,-12.059508744892874,Medium
75,45,35,71,14,15,52.85691835941269,11.287522059406784,-22.963761037492638,Medium
75,45,35,72,13,15,42.04081638837256,17.899604487802446,-9.468966981028089,High
62,40,32,40,14,46,20.65347258200734,12.73192732158297,3.41308049258126,Medium
75,45,35,29,15,56,53.751542838929765,16.27926582204772,-9.575226283477498,Medium
90,50,42,46,35,19,30.055932051482507,10.585630924062439,-9.515776431969062,High
90,50,42,39,16,45,56.48225523762237,16.615574199567863,-18.403424047758005,Medium
75,45,35,34,27,39,24.517017156371303,17.73752216119284,5.16029235997436,Medium
82,47,38,60,31,9,57.828456140933746,24.838412785200344,-14.016526895893033,High
62,40,32,79,13,8,59.79780377520092,13.512378172521968,-20.41689568952703,Medium
82,47,38,35,5,60,21.511362609456512,18.31034628622784,6.726477521035509,Medium
82,47,38,54,38,8,54.65448544444044,21.349009759482,-14.274783853204276,High
55,38,30,63,16,21,29.841121907655218,12.514690605323825,-1.5195890278464237,Medium
75,45,35,59,29,12,29.096901249697233,22.969986055982268,5.0753917874184715,Medium
90,50,42,79,49,0,43.5543863486306,22.950746875268543,-18.68724647402231,Critical
62,40,32,37,45,18,23.169787241645402,16.284630329343095,5.464339687494691,Medium
90,50,42,43,13,44,42.05464868652048,17.15863158670123,-9.621768696875012,Medium
55,38,30,20,11,69,40.82257013703916,15.62714920576487,0.9800110405952189,Low
55,38,30,61,22,17,56.132455235703,11.107589603174267,-15.28027760312971,Medium
55,38,30,38,8,54,58.65206301543164,13.181104195331791,-10.361833899062468,Low
75,45,35,21,32,47,35.59568833888674,10.201435509071905,-6.386155256849316,Medium
82,47,38,70,15,15,58.401167262106355,10.062068263833552,-30.90635057053406,High
90,50,42,34,27,39,35.3750132017045,12.129568296459539,-9.265239687931341,Medium
55,38,30,28,41,31,30.540250716372135,13.677417759533178,1.3758047709784815,Low
62,40,32,39,26,35,33.604559916682575,11.495836325636029,-3.888331204221254,Medium
82,47,38,27,46,27,38.93141872756608,20.805225952209163,-0.22552644442203373,Medium
62,40,32,62,12,26,46.67000862617745,16.871113326058754,-7.191943121598342,Medium
90,50,42,64,9,27,20.123035390240762,13.824727769186499,-0.9536294214063155,High
82,47,38,40,47,13,58.05068796038733,15.57005123434969,-19.161675372350047,Medium
82,47,38,59,30,11,52.04078074282008,19.715912167139813,-14.974472276024052,High
55,38,30,23,23,54,26.22285390150825,16.45349081133034,6.5963200297533895,Low
90,50,42,56,6,38,45.80180500257226,20.124235367802708,-11.643896581981412,High
62,40,32,48,5,47,32.871844540396395,22.877034943177776,7.493011698272264,Medium
90,50,42,54,48,0,42.79652138105318,23.074857848226962,-7.995416674417648,High
55,38,30,40,7,53,43.72827368748166,10.583749009245423,-7.152438798397139,Low
90,50,42,71,45,0,31.1685803679377,18.967042496653562,-7.962610941244613,Critical
75,45,35,22,26,52,33.239047383264335,23.478778638284428,8.055860652449777,Medium
75,45,35,42,35,23,39.207525857065626,14.293118326037131,-7.388643472920158,Medium
62,40,32,68,22,10,40.98412198332467,11.66143135776405,-10.535569108404589,Medium
90,50,42,41,36,23,42.41337215242156,11.102303983669842,-16.27976907793352,Medium
75,45,35,29,38,33,26.156211441657792,14.978215169163558,1.795484602568031,Medium
62,40,32,28,32,40,39.94227628041305,23.108237711595457,5.949035821530014,Low
82,47,38,79,12,9,48.304663572628684,18.68571504902006,-16.982448533008963,High
55,38,30,57,45,0,30.48225610766646,22.79000244641226,8.021349362247859,Medium
75,45,35,38,40,22,42.145610826287346,13.675430825159118,-9.167490242688626,Medium
82,47,38,39,11,50,23.953689867025,11.320958118778323,-2.1290387415562133,Medium
90,50,42,30,37,33,32.31423779680654,23.47369400212377,4.2919624459394115,Medium
62,40,32,79,12,9,31.018374458995858,15.939695961848109,-1.6353150066189421,Medium
75,45,35,58,9,33,41.14608318875213,13.394445351506226,-10.92288981304628,Medium
62,40,32,46,18,36,26.33992361707587,10.97487767623598,-1.4681022404706603,Medium
75,45,35,45,21,34,25.545541509936676,22.91529530948044,8.839701937505332,Medium
82,47,38,66,28,6,53.7787600786674,11.9544465910063,-25.45405891971474,High
62,40,32,79,33,0,53.6733601098047,22.417340091953083,-10.956755224323476,Medium
82,47,38,33,28,39,29.04304483034544,21.521614433806555,5.536322559184423,Medium
82,47,38,80,49,0,20.86021473216009,21.611443722375945,3.1230354052624563,Critical
75,45,35,22,20,58,41.502386895412606,10.210398949946615,-8.797694248152357,Medium
75,45,35,49,36,15,36.01741897243748,22.729809411825023,1.7676715698664047,Medium
90,50,42,72,41,0,25.12368237586194,21.20062799192945,-0.229873074680782,Critical
75,45,35,41,39,20,23.235324452820297,12.568052184011043,-0.2810822383985805,Medium
75,45,35,61,18,21,53.42802527886274,13.203734587874818,-19.494216882789175,Medium
90,50,42,49,10,41,56.31083565559543,14.26287657766057,-23.082469629130316,High
90,50,42,45,44,11,57.00759649284331,21.15858249090737,-17.10491627508906,High
90,50,42,56,48,0,21.884770688130214,14.708823429887163,-1.5734459620817187,High
82,47,38,49,25,26,42.66492118390524,14.482369284110604,-11.888818499661227,Medium
75,45,35,26,48,26,52.2374317288676,13.120457584272055,-13.10273314361948,Medium
55,38,30,64,20,16,36.026926323052194,19.566147334267846,2.417330404495001,Medium
82,47,38,27,20,53,36.94567781908047,19.403200853619456,0.3096745567186652,Medium
62,40,32,56,24,20,20.573031594181245,11.443390257225753,1.008748632657026,Medium
90,50,42,60,25,15,57.271087355455165,12.395737299549003,-29.297614295222353,High
90,50,42,78,10,12,41.85197500801886,11.368230637122474,-22.213794109311863,Critical
62,40,32,39,15,46,33.819613947831,22.779549511559033,7.594542848982913,Low
82,47,38,39,19,42,29.10377125025991,18.228797435376883,1.6774827253540714,Medium
62,40,32,67,10,23,37.16932488659258,22.17471254775409,2.512139682746618,Medium
75,45,35,54,6,40,46.12920050159985,19.317680938131833,-7.068221748783284,Medium
90,50,42,35,17,48,22.594338586435367,22.484564093868194,8.891810000268679,Medium
75,45,35,43,6,51,20.02187991946454,19.275760904385024,8.704208306907747,Medium
75,45,35,72,27,1,42.63939398785409,22.3565737629334,-5.998623238989573,High
90,50,42,66,32,2,44.37927621509861,11.001795360094526,-22.832964826296653,High
75,45,35,73,39,0,59.11594099484673,11.92936990697648,-30.81145543229771,High
62,40,32,54,21,25,57.15879068975599,22.56538724276197,-5.945417553288316,Medium
90,50,42,75,23,2,52.10120656620622,20.664358287393878,-20.933245035065173,High
90,50,42,78,36,0,37.32909352256836,16.528699960351837,-16.395560526553453,Critical
55,38,30,35,21,44,48.02025613273152,22.838263276399427,3.423673721936076,Low
82,47,38,60,11,29,55.72420848374098,23.02015738521157,-13.417902542306663,High
55,38,30,38,29,33,44.77955697650898,16.370503186431986,-2.3563075411440693,Low
62,40,32,22,35,43,56.229180486766424,24.344245349422078,1.065364627900781,Low
62,40,32,20,13,67,44.70271446233228,12.39466249324893,-5.057277232845593,Low
62,40,32,39,6,55,25.425283275149898,12.043046200962788,0.8101560500015648,Low
55,38,30,61,29,10,40.755704065669164,15.516402386532478,-3.871086037506343,Medium
75,45,35,69,32,0,59.44535673167159,20.49431401996123,-18.82878945803953,High
55,38,30,44,20,36,41.17351608775943,23.653273433402422,6.113355580016904,Low
90,50,42,76,6,18,26.653965812400003,21.836912496793392,0.7909410913223525,High
55,38,30,68,18,14,38.769255308355945,12.006702082503043,-6.773125188864576,Medium
75,45,35,34,15,51,28.348375447250014,10.096345101543344,-4.106190997528913,Medium
75,45,35,64,6,30,54.1218065023694,12.993224203601319,-20.129321375848757,Medium
90,50,42,30,48,22,46.99088881861612,24.44710217080425,-3.8602092535301047,Medium
55,38,30,44,36,20,31.824513987079335,19.343131252866414,5.378534515336,Low
75,45,35,74,30,0,27.49601564190787,18.32631294205192,-0.6459378508645095,High
90,50,42,42,22,36,48.35537926616307,16.152147698754188,-14.756610728177247,Medium
90,50,42,80,29,0,57.2176304542166,20.960513991243985,-28.53273635165337,Critical
75,45,35,31,26,43,54.40644422883062,24.716549929834198,-2.4866721845811135,Medium
62,40,32,79,20,1,39.279829156863,18.407600519972767,-4.09974158690973,Medium
62,40,32,53,27,20,40.531923153582575,10.252323612244014,-10.037957118439424,Medium
62,40,32,68,42,0,33.32277558955482,22.430804854821858,2.783696367220333,Medium
82,47,38,26,46,28,57.8155868825648,17.34087627224656,-13.636715179431658,Medium
90,50,42,28,10,62,48.46856406633343,15.274719520062485,-11.984000910843436,Medium
62,40,32,59,29,12,38.601323319723804,10.648229307554569,-9.432179083365753,Medium
82,47,38,68,38,0,41.90444791867321,23.358317659677347,-7.491736898049876,High
82,47,38,62,25,13,44.02350744797097,13.676510718934725,-16.05256386068007,High
82,47,38,24,46,30,47.533364279604726,20.081432361202598,-4.9686506141490945,Medium
62,40,32,76,46,0,26.100512969552007,11.86493429764127,-5.2361218000092045,High
75,45,35,39,6,55,38.977782732603245,18.24258909312325,-1.714035665969611,Medium
90,50,42,40,32,28,42.07166222325314,10.824801938671813,-16.000089894874385,Medium
62,40,32,30,10,60,21.562568232733295,17.35011768456986,8.336964163287343,Low
90,50,42,39,5,56,26.849935839758018,19.196017413722544,2.7853366284624457,Medium
75,45,35,64,36,0,54.551507828629056,15.850266251845783,-19.171801774134074,Medium
82,47,38,45,41,14,37.46905834198755,15.054774564995865,-7.984949409492279,Medium
75,45,35,75,5,20,31.614709581629867,18.090311654435638,-2.617323121531925,High
75,45,35,33,9,58,55.96589007528719,14.614094029323397,-12.865157997642616,Medium
90,50,42,62,37,1,45.03164338570165,24.47906775780326,-9.168576179993007,High
75,45,35,24,24,52,21.10990271898675,15.70271528601528,5.781061008091509,Medium
75,45,35,77,31,0,58.99431213979865,17.57448123086261,-24.72444057337303,High
82,47,38,26,23,51,35.531554898563584,21.76536874264766,3.4630648143975584,Medium
82,47,38,41,43,16,42.18254076222207,13.124736534188605,-12.146823636458636,Medium
90,50,42,65,15,20,47.968676283605525,22.275658368649673,-13.41303678635284,High
62,40,32,65,21,14,39.04512303447911,19.770335134551726,-0.9938612951842671,Medium
55,38,30,65,8,27,57.15281485737041,20.835328252206715,-5.963626634414268,Medium
55,38,30,35,29,36,50.81892132120737,23.46350010130354,2.5921691146836743,Low
